{
  "model": "matrix_factorization",
  "config": {
    "num_factors": 32,
    "learning_rate": 0.01,
    "reg": 0.02,
    "epochs": 20,
    "random_state": 42,
    "show_progress": true
  },
  "best_epoch": 13,
  "best_val_rmse": 0.8685541224702058,
  "train_history_rmse": [
    0.9590481525553137,
    0.9113918703267563,
    0.900897402813764,
    0.892279956331883,
    0.880523357286248,
    0.8649665171445576,
    0.8483511857499684,
    0.8316859489221002,
    0.8155950360777521,
    0.8002690362832159,
    0.7860161236324219,
    0.7728677188718976,
    0.7610440078239203,
    0.750625522555981,
    0.7412120517315968,
    0.7328160891397908,
    0.7253542136700983,
    0.7186342238496208,
    0.7126266578604628,
    0.7071372649196058
  ],
  "val_history_rmse": [
    0.9252027603411872,
    0.915971345538825,
    0.9126745425113507,
    0.9081427449275316,
    0.9008345394932631,
    0.8929657692820934,
    0.8855741791464904,
    0.8796391641034782,
    0.8751236640254304,
    0.8723225940872414,
    0.870104406933752,
    0.8692822962272181,
    0.8685541224702058,
    0.8687282634017266,
    0.8688678985497141,
    0.8696698157377738,
    0.8708736425524131,
    0.8715748535942035,
    0.8729388095365636,
    0.873882485877586
  ],
  "val_history_mae": [
    0.7337483916427469,
    0.7246007893595698,
    0.7215576028798814,
    0.7170818220624415,
    0.7110916386889862,
    0.7038226352701236,
    0.6976197803699551,
    0.692349925610231,
    0.6883145673690876,
    0.6855349672070598,
    0.6829335948908206,
    0.6819232304236084,
    0.6810939434284353,
    0.6806041858471535,
    0.6799974111952801,
    0.6800164013139982,
    0.680442348261406,
    0.6808958741368115,
    0.6815157920038146,
    0.6818776859546702
  ],
  "train_rows": 800167,
  "n_users": 6040,
  "n_items": 3675,
  "val_metrics": {
    "rmse": 0.8685541224702058,
    "mae": 0.6810939434284353,
    "n_rows": 100002
  },
  "test_metrics": {
    "rmse": 0.8658129137586136,
    "mae": 0.6778156509519296,
    "n_rows": 100004
  }
}