split,rmse,mae,n_rows
validation,0.8685541224702058,0.6810939434284353,100002
test,0.8658129137586136,0.6778156509519296,100004
