{
  "model": "neumf",
  "config": {
    "embedding_dim": 32,
    "dropout": 0.1,
    "learning_rate": 0.001,
    "weight_decay": 1e-05,
    "batch_size": 2048,
    "epochs": 20,
    "grad_clip_norm": 5.0,
    "show_progress": true
  },
  "best_epoch": 19,
  "best_val_rmse": 0.8743953318546315,
  "train_history_loss": [
    1.2144104153908732,
    0.9447599288142855,
    0.861669641778902,
    0.831535584786359,
    0.8172560186337328,
    0.8094001069398182,
    0.8042909478592446,
    0.7995335038970498,
    0.7954489116168693,
    0.7913591994349,
    0.7860070590472892,
    0.7768939745700573,
    0.7558719867940449,
    0.7382869670153274,
    0.7214675236236104,
    0.701596999259861,
    0.6808529676073958,
    0.6614266867222993,
    0.643907498977983,
    0.6293743245132134
  ],
  "val_history_rmse": [
    1.0099874876210408,
    0.942154836009384,
    0.9213698991575578,
    0.9131848613170107,
    0.9094568930125869,
    0.9079025919819578,
    0.9058330497518995,
    0.9049689347641628,
    0.9038727921448516,
    0.9035482582964208,
    0.9030914511603659,
    0.8971074750043493,
    0.8896427091545992,
    0.8872841532247957,
    0.882910832692906,
    0.8787094574063892,
    0.8758416215436083,
    0.8747276836076846,
    0.8743953318546315,
    0.8773538060686247
  ],
  "val_history_mae": [
    0.8089597821235657,
    0.7486146092414856,
    0.7292406558990479,
    0.7226288914680481,
    0.7204346656799316,
    0.7152687311172485,
    0.7166272401809692,
    0.7131316661834717,
    0.7134379148483276,
    0.7153617143630981,
    0.7100250124931335,
    0.7067984342575073,
    0.7010457515716553,
    0.6986187696456909,
    0.6951357126235962,
    0.6892545223236084,
    0.686880350112915,
    0.6874087452888489,
    0.6853188872337341,
    0.6859925389289856
  ],
  "train_rows": 800167,
  "n_users": 6040,
  "n_items": 3675,
  "device": "cuda",
  "val_metrics": {
    "rmse": 0.8743953318546315,
    "mae": 0.6853188872337341,
    "n_rows": 100002
  },
  "test_metrics": {
    "rmse": 0.8695370573687894,
    "mae": 0.6813737750053406,
    "n_rows": 100004
  }
}