split,rmse,mae,n_rows
validation,0.8743953318546315,0.6853188872337341,100002
test,0.8695370573687894,0.6813737750053406,100004
